Date,SPY.US
2015-05-01,177.2942
2015-05-04,177.7991
2015-05-05,175.7629
2015-05-06,175.0393
2015-05-07,175.7377
2015-05-08,178.0515
2015-05-11,177.2017
2015-05-12,176.6716
2015-05-13,176.7053
2015-05-14,178.5479
2015-05-15,178.7414
2015-05-18,179.2967
2015-05-19,179.2378
2015-05-20,179.1116
2015-05-21,179.6332
2015-05-22,179.2041
2015-05-26,177.2774
2015-05-27,178.9601
2015-05-28,178.7582
2015-05-29,177.6476
2015-06-01,178.0094
2015-06-02,177.8327
2015-06-03,178.3039
2015-06-04,176.7978
2015-06-05,176.4949
2015-06-08,175.4096
2015-06-09,175.3843
2015-06-10,177.4877
2015-06-11,178.0599
2015-06-12,176.6969
2015-06-15,175.9396
2015-06-16,176.8988
2015-06-17,177.1848
2015-06-18,179.0275
2015-06-19,178.2327
2015-06-22,179.1458
2015-06-23,179.2726
2015-06-24,177.9706
2015-06-25,177.4295
2015-06-26,177.3957
2015-06-29,173.6757
2015-06-30,174.0392
2015-07-01,175.4342
2015-07-02,175.2736
2015-07-06,174.7748
2015-07-07,175.8739
2015-07-08,172.9232
2015-07-09,173.236
2015-07-10,175.4173
2015-07-13,177.3534
2015-07-14,178.1228
2015-07-15,178.0636
2015-07-16,179.4925
2015-07-17,179.6446
2015-07-20,179.7376
2015-07-21,179.0275
2015-07-22,178.7062
2015-07-23,177.7001
2015-07-24,175.857
2015-07-27,174.8339
2015-07-28,176.9814
2015-07-29,178.1989
2015-07-30,178.2412
2015-07-31,177.9706
2015-08-03,177.3703
2015-08-04,177.0237
2015-08-05,177.6071
2015-08-06,176.1529
2015-08-07,175.8147
2015-08-10,178.0298
2015-08-11,176.4234
2015-08-12,176.6348
2015-08-13,176.415
2015-08-14,177.0575
2015-08-17,178.0467
2015-08-18,177.531
2015-08-19,176.1275
2015-08-20,172.4497
2015-08-21,167.2586
2015-08-24,160.2158
2015-08-25,158.3304
2015-08-26,164.4093
2015-08-27,168.476
2015-08-28,168.4845
2015-08-31,167.1233
2015-09-01,162.135
2015-09-02,165.2125
2015-09-03,165.3309
2015-09-04,162.8283
2015-09-08,166.9204
2015-09-09,164.6884
2015-09-10,165.5845
2015-09-11,166.337
2015-09-14,165.7198
2015-09-15,167.7912
2015-09-16,169.2454
2015-09-17,168.865
2015-09-18,166.1055
2015-09-21,166.9638
2015-09-22,164.7967
2015-09-23,164.5332
2015-09-24,163.9383
2015-09-25,163.8958
2015-09-28,159.7825
2015-09-29,159.876
2015-09-30,162.859
2015-10-01,163.2839
2015-10-02,165.723
2015-10-05,168.672
2015-10-06,168.0941
2015-10-07,169.4709
2015-10-08,171.0007
2015-10-09,171.1026
2015-10-12,171.2641
2015-10-13,170.1848
2015-10-14,169.3689
2015-10-15,171.9695
2015-10-16,172.7514
2015-10-19,172.8364
2015-10-20,172.6154
2015-10-21,171.5446
2015-10-22,174.4426
2015-10-23,176.3548
2015-10-26,175.9214
2015-10-27,175.5814
2015-10-28,177.5786
2015-10-29,177.4766
2015-10-30,176.7117
2015-11-02,178.8024
2015-11-03,179.3208
2015-11-04,178.7769
2015-11-05,178.5984
2015-11-06,178.5049
2015-11-09,176.8392
2015-11-10,177.2471
2015-11-11,176.5503
2015-11-12,174.0857
2015-11-13,172.131
2015-11-16,174.7485
2015-11-17,174.6211
2015-11-18,177.3916
2015-11-19,177.2386
2015-11-20,177.8845
2015-11-23,177.6806
2015-11-24,177.9185
2015-11-25,177.893
2015-11-27,178.097
2015-11-30,177.3576
2015-12-01,179.0488
2015-12-02,177.2216
2015-12-03,174.74
2015-12-04,178.148
2015-12-07,177.0687
2015-12-08,175.8789
2015-12-09,174.5106
2015-12-10,174.961
2015-12-11,171.5701
2015-12-14,172.4369
2015-12-15,174.2471
2015-12-16,176.7967
2015-12-17,174.1027
2015-12-18,171.001
2015-12-21,172.4116
2015-12-22,173.9761
2015-12-23,176.1305
2015-12-24,175.8398
2015-12-28,175.438
2015-12-29,177.3103
2015-12-30,176.0536
2015-12-31,174.2924
2016-01-04,171.8559
2016-01-05,172.1466
2016-01-06,169.9751
2016-01-07,165.8971
2016-01-08,164.0762
2016-01-11,164.2386
2016-01-12,165.5637
2016-01-13,161.4345
2016-01-14,164.0847
2016-01-15,160.5624
2016-01-19,160.7762
2016-01-20,158.7158
2016-01-21,159.6049
2016-01-22,162.8793
2016-01-25,160.4171
2016-01-26,162.6057
2016-01-27,160.836
2016-01-28,161.6738
2016-01-29,165.615
2016-02-01,165.5552
2016-02-02,162.5715
2016-02-03,163.5461
2016-02-04,163.8026
2016-02-05,160.6821
2016-02-08,158.5192
2016-02-09,158.5277
2016-02-10,158.3909
2016-02-11,156.3306
2016-02-12,159.5536
2016-02-16,162.2466
2016-02-17,164.8969
2016-02-18,164.2215
2016-02-19,164.1445
2016-02-22,166.5212
2016-02-23,164.4181
2016-02-24,165.1705
2016-02-25,167.171
2016-02-26,166.7862
2016-02-29,165.4782
2016-03-01,169.3681
2016-03-02,170.129
2016-03-03,170.7958
2016-03-04,171.3515
2016-03-07,171.4883
2016-03-08,169.616
2016-03-09,170.4539
2016-03-10,170.5906
2016-03-11,173.3435
2016-03-14,173.1212
2016-03-15,172.8391
2016-03-16,173.8393
2016-03-17,174.9422
2016-03-18,175.6296
2016-03-21,175.8789
2016-03-22,175.7843
2016-03-23,174.6242
2016-03-24,174.5469
2016-03-28,174.65
2016-03-29,176.2655
2016-03-30,177.0389
2016-03-31,176.6093
2016-04-01,177.8123
2016-04-04,177.2366
2016-04-05,175.4664
2016-04-06,177.3827
2016-04-07,175.2601
2016-04-08,175.7328
2016-04-11,175.3203
2016-04-12,176.953
2016-04-13,178.7404
2016-04-14,178.749
2016-04-15,178.5514
2016-04-18,179.806
2016-04-19,180.3731
2016-04-20,180.545
2016-04-21,179.574
2016-04-22,179.574
2016-04-25,179.2646
2016-04-26,179.531
2016-04-27,179.9005
2016-04-28,178.2678
2016-04-29,177.3053
2016-05-02,178.7146
2016-05-03,177.1593
2016-05-04,176.171
2016-05-05,176.1366
2016-05-06,176.7811
2016-05-09,176.9272
2016-05-10,179.1271
2016-05-11,177.4514
2016-05-12,177.503
2016-05-13,175.9562
2016-05-16,177.692
2016-05-17,176.0335
2016-05-18,176.0851
2016-05-19,175.475
2016-05-20,176.5835
2016-05-23,176.3429
2016-05-24,178.6287
2016-05-25,179.8404
2016-05-26,179.8919
2016-05-27,180.6653
2016-05-31,180.3216
2016-06-01,180.6911
2016-06-02,181.2411
2016-06-03,180.6997
2016-06-06,181.6192
2016-06-07,181.9027
2016-06-08,182.4957
2016-06-09,182.2465
2016-06-10,180.5192
2016-06-13,179.1271
2016-06-14,178.7748
2016-06-15,178.5256
2016-06-16,179.0584
2016-06-17,178.3915
2016-06-20,179.5404
2016-06-21,180.05
2016-06-22,179.7563
2016-06-23,182.0972
2016-06-24,175.5583
2016-06-27,172.414
2016-06-28,175.5237
2016-06-29,178.5124
2016-06-30,180.9484
2016-07-01,181.3284
2016-07-05,180.0241
2016-07-06,181.1038
2016-07-07,180.9915
2016-07-08,183.6866
2016-07-11,184.3344
2016-07-12,185.6733
2016-07-13,185.6474
2016-07-14,186.684
2016-07-15,186.4335
2016-07-18,186.9345
2016-07-19,186.7444
2016-07-20,187.5219
2016-07-21,186.8135
2016-07-22,187.6514
2016-07-25,187.1418
2016-07-26,187.2282
2016-07-27,187.0295
2016-07-28,187.2454
2016-07-29,187.5478
2016-08-01,187.3923
2016-08-02,186.1916
2016-08-03,186.7358
2016-08-04,186.9345
2016-08-05,188.4634
2016-08-08,188.3511
2016-08-09,188.4634
2016-08-10,187.9969
2016-08-11,188.8694
2016-08-12,188.7053
2016-08-15,189.2495
2016-08-16,188.2734
2016-08-17,188.6275
2016-08-18,189.0508
2016-08-19,188.7744
2016-08-22,188.7657
2016-08-23,189.1458
2016-08-24,188.1783
2016-08-25,188.0488
2016-08-26,187.6946
2016-08-29,188.6189
2016-08-30,188.3079
2016-08-31,187.7724
2016-09-01,187.781
2016-09-02,188.6275
2016-09-06,189.1976
2016-09-07,189.1803
2016-09-08,188.7485
2016-09-09,184.2308
2016-09-12,186.874
2016-09-13,184.1876
2016-09-14,184.1185
2016-09-15,185.9584
2016-09-16,185.2395
2016-09-19,185.2743
2016-09-20,185.283
2016-09-21,187.3665
2016-09-22,188.5472
2016-09-23,187.5141
2016-09-26,185.9948
2016-09-27,187.1495
2016-09-28,188.0784
2016-09-29,186.3768
2016-09-30,187.7833
2016-10-03,187.3318
2016-10-04,186.3768
2016-10-05,187.2016
2016-10-06,187.3318
2016-10-07,186.6894
2016-10-10,187.6617
2016-10-11,185.2916
2016-10-12,185.5347
2016-10-13,184.927
2016-10-14,185.0225
2016-10-17,184.3801
2016-10-18,185.5347
2016-10-19,186.0296
2016-10-20,185.6823
2016-10-21,185.7691
2016-10-24,186.5592
2016-10-25,185.9341
2016-10-26,185.5608
2016-10-27,185.0659
2016-10-28,184.519
2016-10-31,184.5277
2016-11-01,183.1907
2016-11-02,182.0881
2016-11-03,181.2547
2016-11-04,181.055
2016-11-07,185.0486
2016-11-08,185.882
2016-11-09,187.8527
2016-11-10,188.3215
2016-11-11,187.8874
2016-11-14,188.035
2016-11-15,189.5022
2016-11-16,189.1463
2016-11-17,190.1186
2016-11-18,189.6932
2016-11-21,191.1257
2016-11-22,191.499
2016-11-23,191.6032
2016-11-25,192.3151
2016-11-28,191.4122
2016-11-29,191.7855
2016-11-30,191.3254
2016-12-01,190.6221
2016-12-02,190.7176
2016-12-05,191.8636
2016-12-06,192.4713
2016-12-07,194.989
2016-12-08,195.4665
2016-12-09,196.6472
2016-12-12,196.4215
2016-12-13,197.7324
2016-12-14,196.1002
2016-12-15,196.9076
2016-12-16,196.5225
2016-12-19,196.9504
2016-12-20,197.7102
2016-12-21,197.16
2016-12-22,196.8194
2016-12-23,197.1076
2016-12-27,197.5966
2016-12-28,195.9636
2016-12-29,195.92
2016-12-30,195.2039
2017-01-03,196.6972
2017-01-04,197.8674
2017-01-05,197.7102
2017-01-06,198.4175
2017-01-09,197.7626
2017-01-10,197.7626
2017-01-11,198.3215
2017-01-12,197.8237
2017-01-13,198.2778
2017-01-17,197.5792
2017-01-18,198.0158
2017-01-19,197.2823
2017-01-20,198.0071
2017-01-23,197.4919
2017-01-24,198.7581
2017-01-25,200.4785
2017-01-26,200.2689
2017-01-27,199.9545
2017-01-30,198.7144
2017-01-31,198.697
2017-02-01,198.7756
2017-02-02,198.9066
2017-02-03,200.2776
2017-02-06,199.9196
2017-02-07,199.9283
2017-02-08,200.1903
2017-02-09,201.3779
2017-02-10,202.1726
2017-02-13,203.273
2017-02-14,204.0851
2017-02-15,205.1505
2017-02-16,204.9758
2017-02-17,205.299
2017-02-21,206.5216
2017-02-22,206.3382
2017-02-23,206.4779
2017-02-24,206.7399
2017-02-27,207.063
2017-02-28,206.5041
2017-03-01,209.3946
2017-03-02,208.076
2017-03-03,208.207
2017-03-06,207.587
2017-03-07,206.9669
2017-03-08,206.5827
2017-03-09,206.8447
2017-03-10,207.5695
2017-03-13,207.6743
2017-03-14,206.8796
2017-03-15,208.6698
2017-03-16,208.2594
2017-03-17,207.8936
2017-03-20,207.6656
2017-03-21,204.9993
2017-03-22,205.4817
2017-03-23,205.2624
2017-03-24,205.1133
2017-03-27,204.9028
2017-03-28,206.3938
2017-03-29,206.5868
2017-03-30,207.2446
2017-03-31,206.7622
2017-04-03,206.4026
2017-04-04,206.5342
2017-04-05,205.9202
2017-04-06,206.4991
2017-04-07,206.2886
2017-04-10,206.4114
2017-04-11,206.1658
2017-04-12,205.2624
2017-04-13,203.9292
2017-04-17,205.736
2017-04-18,205.1221
2017-04-19,204.7449
2017-04-20,206.4114
2017-04-21,205.7536
2017-04-24,208.0164
2017-04-25,209.2268
2017-04-26,209.0952
2017-04-27,209.2706
2017-04-28,208.8146
2017-05-01,209.3408
2017-05-02,209.4197
2017-05-03,209.1654
2017-05-04,209.411
2017-05-05,210.2354
2017-05-08,210.2003
2017-05-09,210.0074
2017-05-10,210.3845
2017-05-11,209.9548
2017-05-12,209.6039
2017-05-15,210.7617
2017-05-16,210.5687
2017-05-17,206.8324
2017-05-18,207.6656
2017-05-19,209.0163
2017-05-22,210.0776
2017-05-23,210.5424
2017-05-24,211.0336
2017-05-25,212.0422
2017-05-26,211.9984
2017-05-30,211.8142
2017-05-31,211.7615
2017-06-01,213.4455
2017-06-02,214.156
2017-06-05,213.9981
2017-06-06,213.314
2017-06-07,213.7087
2017-06-08,213.8139
2017-06-09,213.4894
2017-06-12,213.4455
2017-06-13,214.4893
2017-06-14,214.2174
2017-06-15,213.8051
2017-06-16,213.8518
2017-06-19,215.6322
2017-06-20,214.1779
2017-06-21,214.1251
2017-06-22,214.0281
2017-06-23,214.2837
2017-06-26,214.4247
2017-06-27,212.6973
2017-06-28,214.601
2017-06-29,212.7149
2017-06-30,213.1115
2017-07-03,213.4729
2017-07-05,213.9664
2017-07-06,212.0098
2017-07-07,213.3847
2017-07-10,213.6139
2017-07-11,213.4552
2017-07-12,215.0593
2017-07-13,215.4207
2017-07-14,216.4254
2017-07-17,216.399
2017-07-18,216.5135
2017-07-19,217.6857
2017-07-20,217.7827
2017-07-21,217.5888
2017-07-24,217.5359
2017-07-25,218.0647
2017-07-26,218.0735
2017-07-27,217.8708
2017-07-28,217.6152
2017-07-31,217.4918
2017-08-01,217.9766
2017-08-02,218.0823
2017-08-03,217.6593
2017-08-04,218.0559
2017-08-07,218.4613
2017-08-08,217.9237
2017-08-09,217.9149
2017-08-10,214.839
2017-08-11,215.1563
2017-08-14,217.2891
2017-08-15,217.2627
2017-08-16,217.6417
2017-08-17,214.2485
2017-08-18,213.9135
2017-08-21,214.081
2017-08-22,216.3196
2017-08-23,215.544
2017-08-24,215.0417
2017-08-25,215.544
2017-08-28,215.5529
2017-08-29,215.7996
2017-08-30,216.822
2017-08-31,218.1264
2017-09-01,218.4349
2017-09-05,216.8661
2017-09-06,217.6064
2017-09-07,217.58
2017-09-08,217.3244
2017-09-11,219.6423
2017-09-12,220.3827
2017-09-13,220.4884
2017-09-14,220.4179
2017-09-15,220.7147
2017-09-18,221.1841
2017-09-19,221.4055
2017-09-20,221.4852
2017-09-21,220.8918
2017-09-22,220.9361
2017-09-25,220.4844
2017-09-26,220.6172
2017-09-27,221.4764
2017-09-28,221.7421
2017-09-29,222.5215
2017-10-02,223.487
2017-10-03,223.9653
2017-10-04,224.231
2017-10-05,225.5596
2017-10-06,225.3027
2017-10-09,224.9307
2017-10-10,225.5242
2017-10-11,225.8785
2017-10-12,225.5419
2017-10-13,225.8165
2017-10-16,226.1176
2017-10-17,226.277
2017-10-18,226.4985
2017-10-19,226.5605
2017-10-20,227.7296
2017-10-23,226.8439
2017-10-24,227.2425
2017-10-25,226.1176
2017-10-26,226.4099
2017-10-27,228.2611
2017-10-30,227.4108
2017-10-31,227.7651
2017-11-01,228.0662
2017-11-02,228.1548
2017-11-03,228.9165
2017-11-06,229.2708
2017-11-07,229.1114
2017-11-08,229.5011
2017-11-09,228.6685
2017-11-10,228.5976
2017-11-13,228.8102
2017-11-14,228.2788
2017-11-15,227.1362
2017-11-16,229.0671
2017-11-17,228.3939
2017-11-20,228.7836
2017-11-21,230.2805
2017-11-22,230.0768
2017-11-24,230.6082
2017-11-27,230.4931
2017-11-28,232.8314
2017-11-29,232.6897
2017-11-30,234.7269
2017-12-01,234.2397
2017-12-04,233.9563
2017-12-05,233.1149
2017-12-06,233.1591
2017-12-07,233.8943
2017-12-08,235.1697
2017-12-11,235.8783
2017-12-12,236.2946
2017-12-13,236.268
2017-12-14,235.3026
2017-12-15,237.2621
2017-12-18,238.7666
2017-12-19,237.8496
2017-12-20,237.725
2017-12-21,238.2146
2017-12-22,238.1523
2017-12-26,237.8674
2017-12-27,237.9832
2017-12-28,238.4728
2017-12-29,237.5736
2018-01-02,239.274
2018-01-03,240.7875
2018-01-04,241.8024
2018-01-05,243.4137
2018-01-08,243.8589
2018-01-09,244.4108
2018-01-10,244.0369
2018-01-11,245.8174
2018-01-12,247.4199
2018-01-16,246.5741
2018-01-17,248.9244
2018-01-18,248.506
2018-01-19,249.6366
2018-01-22,251.6664
2018-01-23,252.2005
2018-01-24,252.1026
2018-01-25,252.2094
2018-01-26,255.1295
2018-01-29,253.438
2018-01-30,250.8385
2018-01-31,250.9631
2018-02-01,250.6782
2018-02-02,245.2209
2018-02-05,234.9652
2018-02-06,239.5945
2018-02-07,238.2948
2018-02-08,229.3566
2018-02-09,232.8019
2018-02-12,236.2205
2018-02-13,236.808
2018-02-14,240.004
2018-02-15,243.0665
2018-02-16,243.1377
2018-02-20,241.6154
2018-02-21,240.4136
2018-02-22,240.7252
2018-02-23,244.5622
2018-02-26,247.4021
2018-02-27,244.3129
2018-02-28,241.838
2018-03-01,238.3215
2018-03-02,239.55
2018-03-05,242.3187
2018-03-06,242.933
2018-03-07,242.844
2018-03-08,244.0191
2018-03-09,248.2656
2018-03-12,247.954
2018-03-13,246.3516
2018-03-14,245.0874
2018-03-15,244.8203
2018-03-16,245.0858
2018-03-19,241.7697
2018-03-20,242.1809
2018-03-21,241.7161
2018-03-22,235.6739
2018-03-23,230.6506
2018-03-26,236.961
2018-03-27,232.9298
2018-03-28,232.2416
2018-03-29,235.2091
2018-04-02,230.1322
2018-04-03,233.0818
2018-04-04,235.5755
2018-04-05,237.4347
2018-04-06,232.1433
2018-04-09,233.2874
2018-04-10,236.9967
2018-04-11,235.7543
2018-04-12,237.6939
2018-04-13,236.9967
2018-04-16,238.9452
2018-04-17,241.5016
2018-04-18,241.6803
2018-04-19,240.3396
2018-04-20,238.3017
2018-04-23,238.2659
2018-04-24,235.0571
2018-04-25,235.6381
2018-04-26,238.0335
2018-04-27,238.257
2018-04-30,236.4247
2018-05-01,236.8448
2018-05-02,235.2538
2018-05-03,234.7353
2018-05-04,237.7743
2018-05-07,238.5788
2018-05-08,238.5788
2018-05-09,240.8848
2018-05-10,243.1373
2018-05-11,243.8791
2018-05-14,243.9953
2018-05-15,242.3149
2018-05-16,243.3339
2018-05-17,243.1283
2018-05-18,242.5205
2018-05-21,244.3439
2018-05-22,243.6646
2018-05-23,244.335
2018-05-24,243.8344
2018-05-25,243.2535
2018-05-29,240.4558
2018-05-30,243.6646
2018-05-31,242.1719
2018-06-01,244.5495
2018-06-04,245.7115
2018-06-05,245.8902
2018-06-06,247.946
2018-06-07,247.9192
2018-06-08,248.6521
2018-06-11,248.9829
2018-06-12,249.3046
2018-06-13,248.5091
2018-06-14,249.1348
2018-06-15,248.817
2018-06-18,248.3052
2018-06-19,247.3535
2018-06-20,247.7755
2018-06-21,246.2222
2018-06-22,246.6711
2018-06-25,243.3132
2018-06-26,243.8519
2018-06-27,241.8318
2018-06-28,243.2145
2018-06-29,243.5646
2018-07-02,244.0854
2018-07-03,243.2235
2018-07-05,245.2077
2018-07-06,247.2817
2018-07-09,249.5083
2018-07-10,250.4061
2018-07-11,248.5746
2018-07-12,250.8281
2018-07-13,251.0256
2018-07-16,250.8012
2018-07-17,251.8157
2018-07-18,252.3455
2018-07-19,251.3938
2018-07-20,251.1064
2018-07-23,251.5733
2018-07-24,252.8393
2018-07-25,254.9941
2018-07-26,254.3925
2018-07-27,252.6687
2018-07-30,251.3489
2018-07-31,252.5879
2018-08-01,252.1659
2018-08-02,253.5396
2018-08-03,254.626
2018-08-06,255.5597
2018-08-07,256.4037
2018-08-08,256.2959
2018-08-09,255.9458
2018-08-10,254.2309
2018-08-13,253.2792
2018-08-14,254.8953
2018-08-15,252.9919
2018-08-16,255.039
2018-08-17,255.9368
2018-08-20,256.4845
2018-08-21,257.086
2018-08-22,256.9334
2018-08-23,256.5922
2018-08-24,258.1365
2018-08-27,260.1746
2018-08-28,260.3003
2018-08-29,261.7009
2018-08-30,260.6415
2018-08-31,260.6504
2018-09-04,260.2015
2018-09-05,259.5012
2018-09-06,258.7201
2018-09-07,258.2173
2018-09-10,258.6662
2018-09-11,259.5192
2018-09-12,259.582
2018-09-13,261.1173
2018-09-14,261.1622
2018-09-17,259.7795
2018-09-18,261.1891
2018-09-19,261.4675
2018-09-20,263.5864
2018-09-21,263.3455
2018-09-24,262.4707
2018-09-25,262.2272
2018-09-26,261.4425
2018-09-27,262.1731
2018-09-28,262.2001
2018-10-01,263.1111
2018-10-02,262.9577
2018-10-03,263.102
2018-10-04,261.0457
2018-10-05,259.5846
2018-10-08,259.5846
2018-10-09,259.2058
2018-10-10,250.9985
2018-10-11,245.4699
2018-10-12,248.8791
2018-10-15,247.4811
2018-10-16,252.8925
2018-10-17,252.9376
2018-10-18,249.2849
2018-10-19,249.1497
2018-10-22,248.0313
2018-10-23,246.7686
2018-10-24,239.2919
2018-10-25,243.5849
2018-10-26,239.3009
2018-10-29,237.9751
2018-10-30,241.5015
2018-10-31,244.081
2018-11-01,246.6784
2018-11-02,245.2174
2018-11-05,246.5702
2018-11-06,248.1305
2018-11-07,253.4427
2018-11-08,252.9827
2018-11-09,250.5115
2018-11-12,245.8307
2018-11-13,245.3707
2018-11-14,243.6932
2018-11-15,246.2365
2018-11-16,246.8769
2018-11-19,242.7011
2018-11-20,238.2096
2018-11-21,239.0213
2018-11-23,237.425
2018-11-26,241.258
2018-11-27,242.0697
2018-11-28,247.6435
2018-11-29,247.1023
2018-11-30,248.6085
2018-12-03,251.9004
2018-12-04,243.7383
2018-12-06,243.3685
2018-12-07,237.7136
2018-12-10,238.1645
2018-12-11,238.2186
2018-12-12,239.4182
2018-12-13,239.337
2018-12-14,234.9177
2018-12-17,230.309
2018-12-18,230.0564
2018-12-19,226.6112
2018-12-20,222.9224
2018-12-21,218.3548
2018-12-24,212.5853
2018-12-26,223.3261
2018-12-27,225.0407
2018-12-28,224.7504
2018-12-31,226.7189
2019-01-02,226.9548
2019-01-03,221.539
2019-01-04,228.9596
2019-01-07,230.7649
2019-01-08,232.933
2019-01-09,234.0216
2019-01-10,234.8471
2019-01-11,234.9378
2019-01-14,233.5045
2019-01-15,236.1807
2019-01-16,236.7522
2019-01-17,238.5484
2019-01-18,241.7234
2019-01-22,238.4576
2019-01-23,238.9566
2019-01-24,239.0836
2019-01-25,241.1066
2019-01-28,239.2741
2019-01-29,238.9566
2019-01-30,242.7395
2019-01-31,244.8713
2019-02-01,244.9892
2019-02-04,246.7128
2019-02-05,247.747
2019-02-06,247.4204
2019-02-07,245.0618
2019-02-08,245.3612
2019-02-11,245.4972
2019-02-12,248.6542
2019-02-13,249.4616
2019-02-14,248.9082
2019-02-15,251.6206
2019-02-19,252.0561
2019-02-20,252.5641
2019-02-21,251.666
2019-02-22,253.2263
2019-02-25,253.571
2019-02-26,253.3896
2019-02-27,253.2807
2019-02-28,252.809
2019-03-01,254.3875
2019-03-04,253.4622
2019-03-05,253.1174
2019-03-06,251.5843
2019-03-07,249.4797
2019-03-08,248.9808
2019-03-11,252.5913
2019-03-12,253.5438
2019-03-13,255.2221
2019-03-14,255.0588
2019-03-15,256.3189
2019-03-18,257.2483
2019-03-19,257.3121
2019-03-20,256.5376
2019-03-21,259.4351
2019-03-22,254.4419
2019-03-25,254.2506
2019-03-26,256.1458
2019-03-27,254.8064
2019-03-28,255.7722
2019-03-29,257.385
2019-04-01,260.4374
2019-04-02,260.5649
2019-04-03,260.9749
2019-04-04,261.6674
2019-04-05,262.9339
2019-04-08,263.1344
2019-04-09,261.7859
2019-04-10,262.6788
2019-04-11,262.6059
2019-04-12,264.3827
2019-04-15,264.2096
2019-04-16,264.3827
2019-04-17,263.7358
2019-04-18,264.2551
2019-04-22,264.4829
2019-04-23,266.8611
2019-04-24,266.2688
2019-04-25,266.1048
2019-04-26,267.344
2019-04-29,267.7631
2019-04-30,267.8998
2019-05-01,265.8861
2019-05-02,265.3121
2019-05-03,267.9089
2019-05-06,266.8064
2019-05-07,262.3508
2019-05-08,261.9863
2019-05-09,261.1936
2019-05-10,262.5057
2019-05-13,255.9089
2019-05-14,258.2232
2019-05-15,259.7358
2019-05-16,262.1412
2019-05-17,260.4465
2019-05-20,258.7244
2019-05-21,261.057
2019-05-22,260.2551
2019-05-23,257.0752
2019-05-24,257.6583
2019-05-28,255.262
2019-05-29,253.549
2019-05-30,254.2415
2019-05-31,250.8155
2019-06-03,250.1777
2019-06-04,255.6082
2019-06-05,257.8223
2019-06-06,259.4989
2019-06-07,262.0957
2019-06-10,263.2984
2019-06-11,263.2346
2019-06-12,262.7699
2019-06-13,263.8542
2019-06-14,263.5626
2019-06-17,263.6629
2019-06-18,266.4237
2019-06-19,267.0251
2019-06-20,269.5763
2019-06-21,269.1844
2019-06-24,268.8548
2019-06-25,266.2179
2019-06-26,265.9524
2019-06-27,266.8955
2019-06-28,268.2688
2019-07-01,270.7043
2019-07-02,271.4093
2019-07-03,273.5793
2019-07-05,273.268
2019-07-08,271.7664
2019-07-09,272.1052
2019-07-10,273.4053
2019-07-11,274.0462
2019-07-12,275.2731
2019-07-15,275.3647
2019-07-16,274.4766
2019-07-17,272.6088
2019-07-18,273.6068
2019-07-19,272.0869
2019-07-22,272.7553
2019-07-23,274.7055
2019-07-24,275.9965
2019-07-25,274.678
2019-07-26,276.5183
2019-07-29,276.0148
2019-07-30,275.3372
2019-07-31,272.3249
2019-08-01,269.9535
2019-08-02,267.9209
2019-08-05,259.8637
2019-08-06,263.5078
2019-08-07,263.6634
2019-08-08,268.8365
2019-08-09,267.0053
2019-08-12,263.755
2019-08-13,267.8568
2019-08-14,259.937
2019-08-15,260.6236
2019-08-16,264.4691
2019-08-19,267.6554
2019-08-20,265.6045
2019-08-21,267.7653
2019-08-22,267.6829
2019-08-23,260.8068
2019-08-26,263.6909
2019-08-27,262.6563
2019-08-28,264.5058
2019-08-29,267.8843
2019-08-30,267.7653
2019-09-03,266.1996
2019-09-04,269.2211
2019-09-05,272.682
2019-09-06,272.8926
2019-09-09,273.0299
2019-09-10,272.9658
2019-09-11,274.9069
2019-09-12,275.8591
2019-09-13,275.676
2019-09-16,274.8245
2019-09-17,275.5203
2019-09-18,275.6852
2019-09-19,275.6668
2019-09-20,274.3644
2019-09-23,274.3
2019-09-24,272.1476
2019-09-25,273.7573
2019-09-26,273.187
2019-09-27,271.7153
2019-09-30,272.9754
2019-10-01,269.7285
2019-10-02,264.9638
2019-10-03,267.1346
2019-10-04,270.7495
2019-10-07,269.5813
2019-10-08,265.3961
2019-10-09,267.9164
2019-10-10,269.7285
2019-10-11,272.5247
2019-10-14,272.2212
2019-10-15,274.9163
2019-10-16,274.4748
2019-10-17,275.2842
2019-10-18,274.0792
2019-10-21,275.9373
2019-10-22,275.0358
2019-10-23,275.8361
2019-10-24,276.2868
2019-10-25,277.4182
2019-10-28,278.9819
2019-10-29,278.8991
2019-10-30,279.7545
2019-10-31,279.0095
2019-11-01,281.5942
2019-11-04,282.7256
2019-11-05,282.4128
2019-11-06,282.4772
2019-11-07,283.4706
2019-11-08,284.1697
2019-11-11,283.627
2019-11-12,284.2249
2019-11-13,284.3168
2019-11-14,284.7308
2019-11-15,286.7912
2019-11-18,287.0027
2019-11-19,286.9199
2019-11-20,285.8529
2019-11-21,285.393
2019-11-22,286.0277
2019-11-25,288.2445
2019-11-26,288.8976
2019-11-27,290.1853
2019-11-29,289.1091
2019-12-02,286.6532
2019-12-03,284.7308
2019-12-04,286.4876
2019-12-05,287.0027
2019-12-06,289.6242
2019-12-09,288.7136
2019-12-10,288.3917
2019-12-11,289.2103
2019-12-12,291.703
2019-12-13,291.8778
2019-12-16,293.883
2019-12-17,293.9474
2019-12-18,293.9658
2019-12-19,295.1707
2019-12-20,296.4648
2019-12-23,296.9178
2019-12-24,296.927
2019-12-26,298.5076
2019-12-27,298.4337
2019-12-30,296.7883
2019-12-31,297.5093
2020-01-02,300.2916
2020-01-03,298.0177
2020-01-06,299.1547
2020-01-07,298.3135
2020-01-08,299.9034
2020-01-09,301.9369
2020-01-10,301.0681
2020-01-13,303.1386
2020-01-14,302.6764
2020-01-15,303.3604
2020-01-16,305.8839
2020-01-17,306.836
2020-01-21,306.2351
2020-01-22,306.2721
2020-01-23,306.6234
2020-01-24,303.8965
2020-01-27,299.0253
2020-01-28,302.1588
2020-01-29,301.9092
2020-01-30,302.889
2020-01-31,297.3892
2020-02-03,299.5983
2020-02-04,304.1646
2020-02-05,307.6771
2020-02-06,308.7124
2020-02-07,307.067
2020-02-10,309.3594
2020-02-11,309.8955
2020-02-12,311.8921
2020-02-13,311.5594
2020-02-14,312.0585
2020-02-18,311.2543
2020-02-19,312.7425
2020-02-20,311.4577
2020-02-21,308.2502
2020-02-24,298.027
2020-02-25,288.9961
2020-02-26,287.9331
2020-02-27,275.0016
2020-02-28,273.8461
2020-03-02,285.7055
2020-03-03,277.525
2020-03-04,289.1902
2020-03-05,279.5771
2020-03-06,274.9553
2020-03-09,253.4828
2020-03-10,266.5993
2020-03-11,253.603
2020-03-12,229.339
2020-03-13,248.9443
2020-03-16,221.7039
2020-03-17,233.6741
2020-03-18,221.8425
2020-03-19,222.314
2020-03-20,212.7335
2020-03-23,207.2943
2020-03-24,226.0758
2020-03-25,229.4602
2020-03-26,242.8584
2020-03-27,235.6247
2020-03-30,243.2768
2020-03-31,239.6506
2020-04-01,228.8652
2020-04-02,234.1463
2020-04-03,230.7619
2020-04-06,246.2613
2020-04-07,246.5124
2020-04-08,254.7874
2020-04-09,258.6646
2020-04-13,256.303
2020-04-14,263.8621
2020-04-15,258.2555
2020-04-16,259.5014
2020-04-17,266.5119
2020-04-20,261.8166
2020-04-21,253.8669
2020-04-22,259.5014
2020-04-23,259.4828
2020-04-24,263.0997
2020-04-27,266.8932
2020-04-28,265.6658
2020-04-29,272.6206
2020-04-30,270.0823
2020-05-01,262.9323
2020-05-04,263.6575
2020-05-05,266.0935
2020-05-06,264.2898
2020-05-07,267.4789
2020-05-08,271.9047
2020-05-11,271.9604
2020-05-12,266.5398
2020-05-13,261.8259
2020-05-14,264.9592
2020-05-15,266.1772
2020-05-18,274.2849
2020-05-19,271.4677
2020-05-20,276.0794
2020-05-21,274.1733
2020-05-22,274.694
2020-05-26,278.0784
2020-05-27,282.2159
2020-05-28,281.6952
2020-05-29,282.9504
2020-06-01,284.0941
2020-06-02,286.4464
2020-06-03,290.2585
2020-06-04,289.4961
2020-06-05,296.9157
2020-06-08,300.5047
2020-06-09,298.2639
2020-06-10,296.5996
2020-06-11,279.501
2020-06-12,282.8482
2020-06-15,285.4887
2020-06-16,290.9837
2020-06-17,289.775
2020-06-18,289.8866
2020-06-19,288.2299
2020-06-22,290.079
2020-06-23,291.4144
2020-06-24,283.9808
2020-06-25,287.0252
2020-06-26,280.208
2020-06-29,284.3263
2020-06-30,287.9684
2020-07-01,289.9856
2020-07-02,291.5825
2020-07-06,296.0838
2020-07-07,293.03
2020-07-08,295.2713
2020-07-09,293.5903
2020-07-10,296.5881
2020-07-13,294.0199
2020-07-14,297.8301
2020-07-15,300.5663
2020-07-16,299.5764
2020-07-17,300.4449
2020-07-20,302.873
2020-07-21,303.5174
2020-07-22,305.245
2020-07-23,301.6029
2020-07-24,299.6605
2020-07-27,301.8457
2020-07-28,299.9313
2020-07-29,303.6201
2020-07-30,302.5368
2020-07-31,304.9275
2020-08-03,307.0474
2020-08-04,308.2334
2020-08-05,310.1479
2020-08-06,312.2211
2020-08-07,312.4452
2020-08-10,313.3791
2020-08-11,310.7922
2020-08-12,315.1254
2020-08-13,314.5557
2020-08-14,314.5651
2020-08-17,315.5643
2020-08-18,316.246
2020-08-19,314.9293
2020-08-20,315.9098
2020-08-21,317.0305
2020-08-24,320.243
2020-08-25,321.3636
2020-08-26,324.5855
2020-08-27,325.2952
2020-08-28,327.3965
2020-08-31,326.2104
2020-09-01,329.2829
2020-09-02,334.0456
2020-09-03,322.5497
2020-09-04,319.9161
2020-09-08,311.1751
2020-09-09,317.32
2020-09-10,311.8101
2020-09-11,311.9689
2020-09-14,316.0779
2020-09-15,317.6749
2020-09-16,316.4141
2020-09-17,313.6312
2020-09-18,310.0205
2020-09-21,306.5701
2020-09-22,309.6923
2020-09-23,302.5102
2020-09-24,303.3166
2020-09-25,308.2203
2020-09-28,313.3396
2020-09-29,311.6332
2020-09-30,313.9959
2020-10-01,316.0118
2020-10-02,313.0114
2020-10-05,318.5621
2020-10-06,314.0334
2020-10-07,319.4997
2020-10-08,322.3313
2020-10-09,325.2097
2020-10-12,330.4416
2020-10-13,328.2851
2020-10-14,326.2223
2020-10-15,325.8192
2020-10-16,325.6223
2020-10-19,320.6717
2020-10-20,321.9562
2020-10-21,321.3468
2020-10-22,323.1095
2020-10-23,324.2065
2020-10-26,318.2152
2020-10-27,317.1182
2020-10-28,306.2794
2020-10-29,309.3923
2020-10-30,306.1669
2020-11-02,309.5985
2020-11-03,315.0648
2020-11-04,322.1062
2020-11-05,328.3882
2020-11-06,328.3132
2020-11-09,332.4387
2020-11-10,331.9511
2020-11-11,334.4171
2020-11-12,331.1729
2020-11-13,335.7578
2020-11-16,339.9489
2020-11-17,338.1206
2020-11-18,334.0514
2020-11-19,335.4578
2020-11-20,333.1607
2020-11-23,335.1578
2020-11-24,340.5584
2020-11-25,340.0333
2020-11-27,340.9803
2020-11-30,339.4708
2020-12-01,343.1837
2020-12-02,343.9057
2020-12-03,343.8119
2020-12-04,346.7747
2020-12-07,346.0622
2020-12-08,347.0748
2020-12-09,343.9619
2020-12-10,343.8494
2020-12-11,343.4462
2020-12-14,341.9085
2020-12-15,346.531
2020-12-16,347.0748
2020-12-17,349.0156
2020-12-18,347.6221
2020-12-21,346.3791
2020-12-22,345.7953
2020-12-23,346.1061
2020-12-24,347.4526
2020-12-28,350.4375
2020-12-29,349.7689
2020-12-30,350.268
2020-12-31,352.0476
2021-01-04,347.2548
2021-01-05,349.6465
2021-01-06,351.7369
2021-01-07,356.9628
2021-01-08,358.9966
2021-01-11,356.5767
2021-01-12,356.6521
2021-01-13,357.6125
2021-01-14,356.3602
2021-01-15,353.7613
2021-01-19,356.5391
2021-01-20,361.4731
2021-01-21,361.8026
2021-01-22,360.5221
2021-01-25,361.9439
2021-01-26,361.3789
2021-01-27,352.5466
2021-01-28,355.5786
2021-01-29,348.4601
2021-02-01,354.2604
2021-02-02,359.2697
2021-02-03,359.5522
2021-02-04,363.6388
2021-02-05,365.07
2021-02-08,367.7065
2021-02-09,367.4617
2021-02-10,367.3016
2021-02-11,367.8948
2021-02-12,369.7121
2021-02-16,369.392
2021-02-17,369.4767
2021-02-18,367.9042
2021-02-19,367.2545
2021-02-22,364.4297
2021-02-23,364.8723
2021-02-24,368.8929
2021-02-25,360.0042
2021-02-26,358.1492
2021-03-01,366.8308
2021-03-02,363.9683
2021-03-03,359.1473
2021-03-04,354.7029
2021-03-05,361.2283
2021-03-08,359.4298
2021-03-09,364.5615
2021-03-10,366.8308
2021-03-11,370.5502
2021-03-12,371.0492
2021-03-15,373.262
2021-03-16,372.7912
2021-03-17,374.0623
2021-03-18,368.6199
2021-03-19,367.9378
2021-03-22,370.8758
2021-03-23,367.9567
2021-03-24,366.0862
2021-03-25,368.1456
2021-03-26,374.0783
2021-03-29,373.8893
2021-03-30,372.8974
2021-03-31,374.4089
2021-04-01,378.4522
2021-04-05,383.8842
2021-04-06,383.6574
2021-04-07,384.1014
2021-04-08,385.9247
2021-04-09,388.7304
2021-04-12,388.8721
2021-04-13,390.0246
2021-04-14,388.6926
2021-04-15,392.8682
2021-04-16,394.1813
2021-04-19,392.2447
2021-04-20,389.3728
2021-04-21,393.0571
2021-04-22,389.4673
2021-04-23,393.69
2021-04-26,394.5119
2021-04-27,394.4269
2021-04-28,394.3135
2021-04-29,396.8264
2021-04-30,394.2191
2021-05-03,395.0693
2021-05-04,392.632
2021-05-05,392.7548
2021-05-06,395.8912
2021-05-07,398.7725
2021-05-10,394.8237
2021-05-11,391.3
2021-05-12,382.9867
2021-05-13,387.5873
2021-05-14,393.5389
2021-05-17,392.5375
2021-05-18,389.1555
2021-05-19,388.1353
2021-05-20,392.3108
2021-05-21,391.9896
2021-05-24,395.9856
2021-05-25,395.1071
2021-05-26,395.8912
2021-05-27,396.099
2021-05-28,396.8075
2021-06-01,396.458
2021-06-02,397.0815
2021-06-03,395.6078
2021-06-04,399.2259
2021-06-07,398.8386
2021-06-08,398.9236
2021-06-09,398.3285
2021-06-10,400.1801
2021-06-11,400.8413
2021-06-14,401.7388
2021-06-15,401.0019
2021-06-16,398.763
2021-06-17,398.6308
2021-06-18,393.2531
2021-06-21,398.8829
2021-06-22,401.0154
2021-06-23,400.532
2021-06-24,402.9015
2021-06-25,404.3326
2021-06-28,405.1477
2021-06-29,405.3657
2021-06-30,405.7069
2021-07-01,407.9531
2021-07-02,411.0713
2021-07-06,410.3226
2021-07-07,411.7727
2021-07-08,408.4175
2021-07-09,412.7773
2021-07-12,414.2559
2021-07-13,412.8437
2021-07-14,413.4597
2021-07-15,412.0475
2021-07-16,408.8156
2021-07-19,402.7783
2021-07-20,408.5502
2021-07-21,411.858
2021-07-22,412.7205
2021-07-23,416.9665
2021-07-26,417.9901
2021-07-27,416.0851
2021-07-28,415.9145
2021-07-29,417.6395
2021-07-30,415.6112
2021-08-02,414.7392
2021-08-03,418.1133
2021-08-04,416.0567
2021-08-05,418.6915
2021-08-06,419.3834
2021-08-09,419.0422
2021-08-10,419.5634
2021-08-11,420.606
2021-08-12,421.8666
2021-08-13,422.6343
2021-08-16,423.6294
2021-08-17,420.8524
2021-08-18,416.2462
2021-08-19,416.8907
2021-08-20,420.2079
2021-08-23,423.9043
2021-08-24,424.5772
2021-08-25,425.4681
2021-08-26,422.9565
2021-08-27,426.7381
2021-08-30,428.6147
2021-08-31,427.9797
2021-09-01,428.2072
2021-09-02,429.5246
2021-09-03,429.4204
2021-09-07,427.885
2021-09-08,427.3637
2021-09-09,425.5345
2021-09-10,422.1793
2021-09-13,423.2598
2021-09-14,420.9756
2021-09-15,424.4919
2021-09-16,423.819
2021-09-17,419.6905
2021-09-20,412.6925
2021-09-21,412.3027
2021-09-22,416.3246
2021-09-23,421.383
2021-09-24,422.0771
2021-09-27,420.8695
2021-09-28,412.3883
2021-09-29,413.0824
2021-09-30,408.0335
2021-10-01,412.8827
2021-10-04,407.5581
2021-10-05,411.7988
2021-10-06,413.5102
2021-10-07,417.0853
2021-10-08,416.3246
2021-10-11,413.3106
2021-10-12,412.2932
2021-10-13,413.7765
2021-10-14,420.7364
2021-10-15,423.9407
2021-10-18,425.1958
2021-10-19,428.4761
2021-10-20,430.159
2021-10-21,431.281
2021-10-22,430.8341
2021-10-25,433.1446
2021-10-26,433.5344
2021-10-27,431.6138
2021-10-28,435.7784
2021-10-29,436.6626
2021-11-01,437.4138
2021-11-02,439.1823
2021-11-03,441.8636
2021-11-04,443.9459
2021-11-05,445.4862
2021-11-08,445.8665
2021-11-09,444.3928
2021-11-10,440.8177
2021-11-11,440.9603
2021-11-12,444.2882
2021-11-15,444.4403
2021-11-16,446.1993
2021-11-17,445.1154
2021-11-18,446.6272
2021-11-19,445.8285
2021-11-22,444.5734
2021-11-23,445.1629
2021-11-24,446.3514
2021-11-26,436.3964
2021-11-29,441.7495
2021-11-30,433.1541
2021-12-01,428.343
2021-12-02,434.9036
2021-12-03,431.1194
2021-12-06,436.2252
2021-12-07,445.2485
2021-12-08,446.4275
2021-12-09,443.4134
2021-12-10,447.5875
2021-12-13,443.6226
2021-12-14,440.5705
2021-12-15,447.4544
2021-12-16,443.5085
2021-12-17,438.7883
2021-12-20,434.1225
2021-12-21,441.832
2021-12-22,446.2498
2021-12-23,449.0264
2021-12-27,455.3811
2021-12-28,455.009
2021-12-29,455.591
2021-12-30,454.3315
2021-12-31,453.1865
2022-01-03,455.8104
2022-01-04,455.6578
2022-01-05,446.9082
2022-01-06,446.4883
2022-01-07,444.7231
2022-01-10,444.1697
2022-01-11,448.2154
2022-01-12,449.4271
2022-01-13,443.2347
2022-01-14,443.4159
2022-01-18,435.5632
2022-01-19,431.0405
2022-01-20,426.2697
2022-01-21,417.9018
2022-01-24,419.6765
2022-01-25,414.5527
2022-01-26,413.5127
2022-01-27,411.4708
2022-01-28,421.6898
2022-01-31,429.2849
2022-02-01,432.1855
2022-02-02,436.3838
2022-02-03,426.1266
2022-02-04,428.1303
2022-02-07,426.7564
2022-02-08,430.2677
2022-02-09,436.5651
2022-02-10,428.7219
2022-02-11,420.2681
2022-02-14,418.8941
2022-02-15,425.6495
2022-02-16,426.1266
2022-02-17,417.024
2022-02-18,414.3237
2022-02-22,409.8773
2022-02-23,402.6066
2022-02-24,408.6655
2022-02-25,417.6823
2022-02-28,416.6137
2022-03-01,410.2685
2022-03-02,417.8159
2022-03-03,415.7358
2022-03-04,412.3581
2022-03-07,400.2022
2022-03-08,397.1679
2022-03-09,407.8163
2022-03-10,405.9748
2022-03-11,400.8128
2022-03-14,397.8836
2022-03-15,406.6332
2022-03-16,415.65
2022-03-17,420.8501
2022-03-18,425.4596
2022-03-21,425.3352
2022-03-22,430.3122
2022-03-23,424.7705
2022-03-24,431.1736
2022-03-25,433.2793
2022-03-28,436.3612
2022-03-29,441.7594
2022-03-30,439.0316
2022-03-31,432.2743
2022-04-01,433.4994
2022-04-04,437.2131
2022-04-05,431.6905
2022-04-06,427.3739
2022-04-07,429.5274
2022-04-08,428.3788
2022-04-11,421.0569
2022-04-12,419.4968
2022-04-13,424.3015
2022-04-14,419.0182
2022-04-18,419.1905
2022-04-19,425.9573
2022-04-20,425.6415
2022-04-21,419.2766
2022-04-22,407.772
2022-04-25,410.1361
2022-04-26,398.2582
2022-04-27,399.3781
2022-04-28,409.4661
2022-04-29,394.334
2022-05-02,396.7077
2022-05-03,398.5262
2022-05-04,410.6625
2022-05-05,396.0664
2022-05-06,393.7023
2022-05-09,381.097
2022-05-10,381.9776
2022-05-11,375.9094
2022-05-12,375.517
2022-05-13,384.4948
2022-05-16,382.9347
2022-05-17,390.8118
2022-05-18,375.0576
2022-05-19,372.7605
2022-05-20,372.9232
2022-05-23,379.9006
2022-05-24,377.0006
2022-05-25,380.3313
2022-05-26,387.9309
2022-05-27,397.4542
2022-05-31,395.2242
2022-06-01,392.0274
2022-06-02,399.4929
2022-06-03,392.9366
2022-06-06,394.133
2022-06-07,397.9137
2022-06-08,393.5875
2022-06-09,384.2268
2022-06-10,373.0859
2022-06-13,358.9205
2022-06-14,357.839
2022-06-15,362.9404
2022-06-16,350.9286
2022-06-17,351.6851
2022-06-21,360.5382
2022-06-22,359.8846
2022-06-23,363.4124
2022-06-24,374.9667
2022-06-27,373.5344
2022-06-28,365.9021
2022-06-29,365.6041
2022-06-30,362.6338
2022-07-01,366.4692
2022-07-05,367.1613
2022-07-06,368.4013
2022-07-07,373.9189
2022-07-08,373.6113
2022-07-11,369.3434
2022-07-12,366.0751
2022-07-13,364.1526
2022-07-14,363.2682
2022-07-15,370.2085
2022-07-18,367.1517
2022-07-19,377.0719
2022-07-20,379.475
2022-07-21,383.3392
2022-07-22,379.7826
2022-07-25,380.244
2022-07-26,375.7453
2022-07-27,385.5021
2022-07-28,390.3372
2022-07-29,396.0278
2022-08-01,394.8551
2022-08-02,392.2501
2022-08-03,398.3925
2022-08-04,398.1234
2022-08-05,397.4505
2022-08-08,396.9891
2022-08-09,395.4126
2022-08-10,403.7179
2022-08-11,403.7179
2022-08-12,410.5524
2022-08-15,412.2442
2022-08-16,413.0517
2022-08-17,410.1198
2022-08-18,411.3118
2022-08-19,405.7846
2022-08-22,397.3351
2022-08-23,396.3739
2022-08-24,397.6427
2022-08-25,403.2565
2022-08-26,389.6066
2022-08-29,387.0305
2022-08-30,382.7817
2022-08-31,379.8691
2022-09-01,381.0611
2022-09-02,377.043
2022-09-06,375.6204
2022-09-07,382.3684
2022-09-08,384.8676
2022-09-09,390.8466
2022-09-12,395.0473
2022-09-13,377.8697
2022-09-14,379.3116
2022-09-15,375.0052
2022-09-16,372.1443
2022-09-19,375.0302
2022-09-20,370.7254
2022-09-21,364.2586
2022-09-22,361.1989
2022-09-23,355.147
2022-09-26,351.6337
2022-09-27,350.736
2022-09-28,357.6373
2022-09-29,350.1666
2022-09-30,344.7518
2022-10-03,353.8537
2022-10-04,364.8184
2022-10-05,363.969
2022-10-06,360.2144
2022-10-07,350.1666
2022-10-10,347.493
2022-10-11,345.2923
2022-10-12,344.1534
2022-10-13,353.2359
2022-10-14,345.1861
2022-10-17,354.0564
2022-10-18,358.2164
2022-10-19,355.6779
2022-10-20,352.6954
2022-10-21,361.2664
2022-10-24,365.6871
2022-10-25,371.5266
2022-10-26,368.7275
2022-10-27,366.7584
2022-10-28,375.4839
2022-10-31,372.7717
2022-11-01,371.1405
2022-11-02,361.8262
2022-11-03,358.1006
2022-11-04,363.2547
2022-11-07,366.7295
2022-11-08,368.7082
2022-11-09,361.112
2022-11-10,380.9566
2022-11-11,384.6437
2022-11-14,381.3716
2022-11-15,384.6244
2022-11-16,381.6902
2022-11-17,380.5223
2022-11-18,382.25
2022-11-21,380.8601
2022-11-22,385.9853
2022-11-23,388.4176
2022-11-25,388.3308
2022-11-28,382.1342
2022-11-29,381.4778
2022-11-30,393.4946
2022-12-01,393.205
2022-12-02,392.7514
2022-12-05,385.6861
2022-12-06,380.1265
2022-12-07,379.4798
2022-12-08,382.4527
2022-12-09,379.5957
2022-12-12,385.0684
2022-12-13,387.9833
2022-12-14,385.5027
2022-12-15,376.0727
2022-12-16,371.6327
2022-12-19,368.4814
2022-12-20,368.9856
2022-12-21,374.5028
2022-12-22,369.1601
2022-12-23,371.2836
2022-12-27,369.8195
2022-12-28,365.2234
2022-12-29,371.7975
2022-12-30,370.8182
2023-01-03,369.2571
2023-01-04,372.1078
2023-01-05,367.8608
2023-01-06,376.2967
2023-01-09,376.0833
2023-01-10,378.7207
2023-01-11,383.5108
2023-01-12,384.907
2023-01-13,386.4003
2023-01-17,385.6924
2023-01-18,379.6031
2023-01-19,376.8396
2023-01-20,383.8598
2023-01-23,388.4656
2023-01-24,388.0487
2023-01-25,388.1941
2023-01-26,392.4605
2023-01-27,393.3623
2023-01-30,388.4268
2023-01-31,394.138
2023-02-01,398.3268
2023-02-02,404.1252
2023-02-03,399.8297
2023-02-06,397.3863
2023-02-07,402.5835
2023-02-08,398.1814
2023-02-09,394.7294
2023-02-10,395.6506
2023-02-13,400.2952
2023-02-14,400.1109
2023-02-15,401.4102
2023-02-16,395.8833
2023-02-17,394.8943
2023-02-21,386.9724
2023-02-22,386.4391
2023-02-23,388.4947
2023-02-24,384.3446
2023-02-27,385.6536
2023-02-28,384.2283
2023-03-01,382.7544
2023-03-02,385.7312
2023-03-03,391.9175
2023-03-06,392.189
2023-03-07,386.1773
2023-03-08,386.8075
2023-03-09,379.671
2023-03-10,374.1925
2023-03-13,373.6592
2023-03-14,379.8358
2023-03-15,377.4602
2023-03-16,384.0828
2023-03-17,379.5919
2023-03-20,383.2419
2023-03-21,388.274
2023-03-22,381.6553
2023-03-23,382.6871
2023-03-24,385.1983
2023-03-27,385.9186
2023-03-28,385.0523
2023-03-29,390.649
2023-03-30,392.9363
2023-03-31,398.4746
2023-04-03,399.993
2023-04-04,397.7738
2023-04-05,396.7323
2023-04-06,398.2799
2023-04-10,398.6887
2023-04-11,398.7958
2023-04-12,397.1703
2023-04-13,402.4458
2023-04-14,401.4627
2023-04-17,402.9033
2023-04-18,403.1661
2023-04-19,403.098
2023-04-20,400.8982
2023-04-21,401.2097
2023-04-24,401.6282
2023-04-25,395.2529
2023-04-26,393.5787
2023-04-27,401.4141
2023-04-28,404.8402
2023-05-01,404.4314
2023-05-02,399.8859
2023-05-03,397.1411
2023-05-04,394.3282
2023-05-05,401.6282
2023-05-08,401.7353
2023-05-09,399.9735
2023-05-10,401.8424
2023-05-11,401.1415
2023-05-12,400.6159
2023-05-15,401.9981
2023-05-16,399.3117
2023-05-17,404.1589
2023-05-18,408.0522
2023-05-19,407.4585
2023-05-22,407.624
2023-05-23,403.0493
2023-05-24,400.1293
2023-05-25,403.5944
2023-05-26,408.8212
2023-05-30,408.9769
2023-05-31,406.709
2023-06-01,410.5732
2023-06-02,416.5105
2023-06-05,415.7124
2023-06-06,416.6176
2023-06-07,415.1771
2023-06-08,417.6883
2023-06-09,418.4378
2023-06-12,422.2338
2023-06-13,425.0175
2023-06-14,425.5237
2023-06-15,430.7991
2023-06-16,429.3318
2023-06-20,427.1043
2023-06-21,424.9159
2023-06-22,426.4497
2023-06-23,423.2258
2023-06-26,421.4966
2023-06-27,426.1176
2023-06-28,426.3325
2023-06-29,428.0129
2023-06-30,433.0637
2023-07-03,433.562
2023-07-05,432.9172
2023-07-06,429.5271
2023-07-07,428.4427
2023-07-10,429.5271
2023-07-11,432.2626
2023-07-12,435.7406
2023-07-13,439.199
2023-07-14,438.9254
2023-07-17,440.4495
2023-07-18,443.7223
2023-07-19,444.709
2023-07-20,441.7586
2023-07-21,441.7586
2023-07-24,443.732
2023-07-25,444.9435
2023-07-26,445.0119
2023-07-27,442.0615
2023-07-28,446.3894
2023-07-31,447.2393
2023-08-01,445.9595
2023-08-02,439.7558
2023-08-03,438.4956
2023-08-04,436.5124
2023-08-07,440.3225
2023-08-08,438.4076
2023-08-09,435.4768
2023-08-10,435.6331
2023-08-11,435.3791
2023-08-14,437.7824
2023-08-15,432.6827
2023-08-16,429.5076
2023-08-17,426.2348
2023-08-18,426.44
2023-08-21,429.2145
2023-08-22,428.0519
2023-08-23,432.8195
2023-08-24,426.821
2023-08-25,429.83
2023-08-28,432.5557
2023-08-29,438.8082
2023-08-30,440.6156
2023-08-31,439.9708
2023-09-01,440.7914
2023-09-05,438.8864
2023-09-06,435.936
2023-09-07,434.5975
2023-09-08,435.2521
2023-09-11,438.1146
2023-09-12,435.7113
2023-09-13,436.2193
2023-09-14,439.9805
2023-09-15,434.6795
2023-09-18,434.9344
2023-09-19,434.0325
2023-09-20,430.0422
2023-09-21,422.9343
2023-09-22,421.9834
2023-09-25,423.7579
2023-09-26,417.5323
2023-09-27,417.699
2023-09-28,420.1206
2023-09-29,419.101
2023-10-02,418.9343
2023-10-03,413.3264
2023-10-04,416.3363
2023-10-05,416.1794
2023-10-06,421.1206
2023-10-09,423.8167
2023-10-10,426.0226
2023-10-11,427.7677
2023-10-12,425.1599
2023-10-13,423.0422
2023-10-16,427.4932
2023-10-17,427.4736
2023-10-18,421.7775
2023-10-19,418.0716
2023-10-20,412.9343
2023-10-23,412.2186
2023-10-24,415.3264
2023-10-25,409.3656
2023-10-26,404.4636
2023-10-27,402.6303
2023-10-30,407.444
2023-10-31,410.0029
2023-11-01,414.3755
2023-11-02,422.3167
2023-11-03,426.1697
2023-11-06,427.1501
2023-11-07,428.3658
2023-11-08,428.6795
2023-11-09,425.3363
2023-11-10,431.9736
2023-11-13,431.5619
2023-11-14,439.9345
2023-11-15,440.8658
2023-11-16,441.4051
2023-11-17,441.9541
2023-11-20,445.3561
2023-11-21,444.3855
2023-11-22,446.1012
2023-11-24,446.3757
2023-11-27,445.5718
2023-11-28,446.0129
2023-11-29,445.6992
2023-11-30,447.4541
2023-12-01,450.1012
2023-12-04,447.7384
2023-12-05,447.6502
2023-12-06,445.8463
2023-12-07,449.2483
2023-12-08,451.1796
2023-12-11,452.9346
2023-12-12,455.0032
2023-12-13,461.2778
2023-12-14,462.7582
2023-12-15,461.9962
2023-12-18,464.595
2023-12-19,467.4201
2023-12-20,460.943
2023-12-21,465.3136
2023-12-22,466.2487
2023-12-26,468.2175
2023-12-27,469.0641
2023-12-28,469.2412
2023-12-29,467.8828
2024-01-02,465.2644
2024-01-03,461.4647
2024-01-04,459.9783
2024-01-05,460.6083
2024-01-08,467.1839
2024-01-09,466.4752
2024-01-10,469.1133
2024-01-11,468.9066
2024-01-12,469.2314
2024-01-16,467.5087
2024-01-17,464.91
2024-01-18,469.0444
2024-01-19,474.8915
2024-01-22,475.8956
2024-01-23,477.2836
2024-01-24,477.8053
2024-01-25,480.404
2024-01-26,479.7937
2024-01-29,483.5934
2024-01-30,483.2194
2024-01-31,475.3345
2024-02-01,481.5558
2024-02-02,486.6253
2024-02-05,484.8534
2024-02-06,486.2611
2024-02-07,490.3167
2024-02-08,490.5333
2024-02-09,493.3682
2024-02-12,493.1517
2024-02-13,486.3595
2024-02-14,490.7793
2024-02-15,494.1656
2024-02-16,491.7047
2024-02-20,488.9976
2024-02-21,489.4406
2024-02-22,499.5698
2024-02-23,499.9143
2024-02-26,498.0834
2024-02-27,499.0087
2024-02-28,498.3492
2024-02-29,500.1407
2024-03-01,504.8362
2024-03-04,504.2948
2024-03-05,499.2548
2024-03-06,501.7846
2024-03-07,506.7656
2024-03-08,503.7239
2024-03-11,503.2907
2024-03-12,508.7048
2024-03-13,507.9075
2024-03-14,506.9034
2024-03-15,503.4227
2024-03-18,506.4146
2024-03-19,509.2288
2024-03-20,513.9388
2024-03-21,515.6372
2024-03-22,514.6597
2024-03-25,513.2378
2024-03-26,512.2898
2024-03-27,516.595
2024-03-28,516.4963
2024-04-01,515.5977
2024-04-02,512.3195
2024-04-03,512.8823
2024-04-04,506.622
2024-04-05,511.9146
2024-04-08,512.201
2024-04-09,512.7934
2024-04-10,507.6588
2024-04-11,511.49
2024-04-12,504.4299
2024-04-15,498.1103
2024-04-16,497.2019
2024-04-17,494.2593
2024-04-18,493.2423
2024-04-19,488.9371
2024-04-22,493.4397
2024-04-23,499.2952
2024-04-24,499.0582
2024-04-25,497.1624
2024-04-26,501.8724
2024-04-29,503.6498
2024-04-30,495.6713
2024-05-01,494.0618
2024-05-02,498.683
2024-05-03,504.8643
2024-05-06,510.078
2024-05-07,510.6408
2024-05-08,510.6902
2024-05-09,513.6327
2024-05-10,514.2943
2024-05-13,514.3634
2024-05-14,516.7234
2024-05-15,523.122
2024-05-16,522.0457
2024-05-17,522.7961
2024-05-20,523.3984
2024-05-21,524.6821
2024-05-22,523.1713
2024-05-23,519.35
2024-05-24,522.7862
2024-05-28,523.1516
2024-05-29,519.4882
2024-05-30,516.0421
2024-05-31,520.7423
2024-06-03,521.1669
2024-06-04,521.7494
2024-06-05,527.9505
2024-06-06,527.9406
2024-06-07,527.2988
2024-06-10,528.9281
2024-06-11,530.2019
2024-06-12,534.5564
2024-06-13,535.6327
2024-06-14,535.9586
2024-06-17,540.2243
2024-06-18,541.5968
2024-06-20,540.1256
2024-06-21,539.4014
2024-06-24,537.648
2024-06-25,539.7184
2024-06-26,540.392
2024-06-27,541.244
2024-06-28,539.1141
2024-07-01,540.2236
2024-07-02,543.8592
2024-07-03,546.2862
2024-07-05,549.4364
2024-07-08,550.0704
2024-07-09,550.6053
2024-07-10,556.0537
2024-07-11,551.2591
2024-07-12,554.7362
2024-07-15,556.2617
2024-07-16,559.5605
2024-07-17,551.7148
2024-07-18,547.475
2024-07-19,543.8394
2024-07-22,549.4463
2024-07-23,548.5844
2024-07-24,536.1522
2024-07-25,533.3586
2024-07-26,539.3321
2024-07-29,539.6491
2024-07-30,536.915
2024-07-31,545.6423
2024-08-01,537.9155
2024-08-02,527.9003
2024-08-05,512.5259
2024-08-06,517.2512
2024-08-07,513.7939
2024-08-08,525.6714
2024-08-09,527.9895
2024-08-12,528.2669
2024-08-13,536.9546
2024-08-14,538.6485
2024-08-15,547.8811
2024-08-16,549.1095
2024-08-19,554.3597
2024-08-20,553.4583
2024-08-21,555.3603
2024-08-22,551.0016
2024-08-23,556.8561
2024-08-26,555.5287
2024-08-27,556.2915
2024-08-28,553.062
2024-08-29,553.1116
2024-08-30,558.3916
2024-09-03,546.9004
2024-09-04,545.781
2024-09-05,544.4536
2024-09-06,535.2903
2024-09-09,541.2836
2024-09-10,543.6413
2024-09-11,549.2184
2024-09-12,553.8446
2024-09-13,556.7372
2024-09-16,557.5594
2024-09-17,557.7873
2024-09-18,556.133
2024-09-19,565.6231
2024-09-20,564.6453
2024-09-23,566.0563
2024-09-24,567.676
2024-09-25,566.424
2024-09-26,568.6696
2024-09-27,567.8449
2024-09-30,570.1204
2024-10-01,565.013
2024-10-02,565.2514
2024-10-03,564.218
2024-10-04,569.3453
2024-10-07,564.1982
2024-10-08,569.5341
2024-10-09,573.4789
2024-10-10,572.4753
2024-10-11,575.9034
2024-10-14,580.6134
2024-10-15,576.1022
2024-10-16,578.6062
2024-10-17,578.6559
2024-10-18,580.8817
2024-10-21,579.9278
2024-10-22,579.6197
2024-10-23,574.3235
2024-10-24,575.5656
2024-10-25,575.3669
2024-10-28,577.1455
2024-10-29,578.0796
2024-10-30,576.3307
2024-10-31,565.0328
2024-11-01,567.4176
2024-11-04,566.1954
2024-11-05,573.0417
2024-11-06,587.2907
2024-11-07,591.8318
2024-11-08,594.3954
2024-11-11,594.9618
2024-11-12,593.1136
2024-11-13,593.4017
2024-11-14,589.5861
2024-11-15,582.0343
2024-11-18,584.4191
2024-11-19,586.5554
2024-11-20,586.7542
2024-11-21,589.9041
2024-11-22,591.7324
2024-11-25,593.7396
2024-11-26,596.8398
2024-11-27,595.0313
2024-11-29,598.7277
2024-12-02,599.8009
2024-12-03,600.0791
2024-12-04,603.8053
2024-12-05,602.8117
2024-12-06,603.9544
2024-12-09,600.8442
2024-12-10,598.9761
2024-12-11,603.6066
2024-12-12,600.4964
2024-12-13,600.3772
2024-12-16,602.9408
2024-12-17,600.4567
2024-12-18,582.5609
2024-12-19,582.3821
2024-12-20,589.377
2024-12-23,592.9064
2024-12-24,599.4966
2024-12-26,599.5365
2024-12-27,593.2255
2024-12-30,586.4558
2024-12-31,584.3222
2025-01-02,582.8866
2025-01-03,590.1746
2025-01-06,593.5744
2025-01-07,586.8646
2025-01-08,587.722
2025-01-10,578.749
2025-01-13,579.6463
2025-01-14,580.4439
2025-01-15,591.0022
2025-01-16,589.8656
2025-01-17,595.7878
2025-01-21,601.2414
2025-01-22,604.6212
2025-01-23,607.9213
2025-01-24,606.1466
2025-01-27,597.5724
2025-01-28,602.7069
2025-01-29,600.0051
2025-01-30,603.2254
2025-01-31,600.015
2025-02-03,595.9772
2025-02-04,599.9752
2025-02-05,602.4078
2025-02-06,604.5015
2025-02-07,598.9682
2025-02-10,603.036
2025-02-11,603.4946
2025-02-12,601.5504
2025-02-13,607.9013
2025-02-14,607.8714
2025-02-18,609.656
2025-02-19,611.0917
2025-02-20,608.5494
2025-02-21,598.1407
2025-02-24,595.4189
2025-02-25,592.4578
2025-02-26,592.7569
2025-02-27,583.2953
2025-02-28,592.398
2025-03-03,582.0192
2025-03-04,575.1299
2025-03-05,581.3113
2025-03-06,570.9923
2025-03-07,574.1927
2025-03-10,558.8987
2025-03-11,554.2527
2025-03-12,557.1939
2025-03-13,549.7662
2025-03-14,561.122
2025-03-17,565.449
2025-03-18,559.3374
2025-03-19,565.4291
2025-03-20,563.794
2025-03-21,563.98
2025-03-24,574.08
2025-03-25,575.46
2025-03-26,568.59
2025-03-27,567.08
2025-03-28,555.66
2025-03-31,559.39
2025-04-01,560.97
2025-04-02,564.52
2025-04-03,536.7
2025-04-04,505.28
2025-04-07,504.38
2025-04-08,496.48
2025-04-09,548.62
2025-04-10,524.58
2025-04-11,533.94
2025-04-14,539.12
2025-04-15,537.61
2025-04-16,525.66
2025-04-17,526.41
2025-04-21,513.88
2025-04-22,527.25
2025-04-23,535.42
2025-04-24,546.69
2025-04-25,550.64
2025-04-28,550.85
2025-04-29,554.32
2025-04-30,554.54
2025-05-01,558.47
2025-05-02,566.76
2025-05-05,563.51
2025-05-06,558.8
2025-05-07,561.15
2025-05-08,565.06
2025-05-09,564.34
2025-05-12,582.99
2025-05-13,586.84
2025-05-14,587.59
2025-05-15,590.46
2025-05-16,594.2
2025-05-19,594.85
2025-05-20,592.85
2025-05-21,582.86
2025-05-22,583.09
2025-05-23,579.11
2025-05-27,591.15
2025-05-28,587.73
2025-05-29,590.05
2025-05-30,589.39
2025-06-02,592.71
2025-06-03,596.09
2025-06-04,595.93
2025-06-05,593.05
2025-06-06,599.14
2025-06-09,599.68
